runId,concurrency,kind,path,status,ok,elapsed_ms,size,location,error
20260621-mixed-after-shortlink-optimization,4,shortlink,/s/V27RLM,302,True,14,0,/result/R20260621113204840525814?sc=V27RLM,
20260621-mixed-after-shortlink-optimization,4,shortlink,/s/V27RLM,302,True,13,0,/result/R20260621113204840525814?sc=V27RLM,
20260621-mixed-after-shortlink-optimization,4,shortlink,/s/V27RLM,302,True,14,0,/result/R20260621113204840525814?sc=V27RLM,
20260621-mixed-after-shortlink-optimization,4,shortlink,/s/V27RLM,302,True,14,0,/result/R20260621113204840525814?sc=V27RLM,
20260621-mixed-after-shortlink-optimization,4,shortlink,/s/V27RLM,302,True,10,0,/result/R20260621113204840525814?sc=V27RLM,
20260621-mixed-after-shortlink-optimization,4,shortlink,/s/V27RLM,302,True,12,0,/result/R20260621113204840525814?sc=V27RLM,
20260621-mixed-after-shortlink-optimization,4,shortlink,/s/V27RLM,302,True,13,0,/result/R20260621113204840525814?sc=V27RLM,
20260621-mixed-after-shortlink-optimization,4,shortlink,/s/V27RLM,302,True,14,0,/result/R20260621113204840525814?sc=V27RLM,
20260621-mixed-after-shortlink-optimization,4,shortlink,/s/V27RLM,302,True,12,0,/result/R20260621113204840525814?sc=V27RLM,
20260621-mixed-after-shortlink-optimization,4,shortlink,/s/V27RLM,302,True,11,0,/result/R20260621113204840525814?sc=V27RLM,
20260621-mixed-after-shortlink-optimization,4,shortlink,/s/V27RLM,302,True,11,0,/result/R20260621113204840525814?sc=V27RLM,
20260621-mixed-after-shortlink-optimization,4,shortlink,/s/V27RLM,302,True,8,0,/result/R20260621113204840525814?sc=V27RLM,
20260621-mixed-after-shortlink-optimization,4,result,/api/results/R20260621113204840525814,200,True,12,1321,,
20260621-mixed-after-shortlink-optimization,4,result,/api/results/R20260621113204840525814,200,True,12,1321,,
20260621-mixed-after-shortlink-optimization,4,result,/api/results/R20260621113204840525814,200,True,12,1321,,
20260621-mixed-after-shortlink-optimization,4,result,/api/results/R20260621113204840525814,200,True,11,1321,,
20260621-mixed-after-shortlink-optimization,4,admin,/api/admin/overview,200,True,15,2329,,
20260621-mixed-after-shortlink-optimization,4,admin,/api/admin/overview,200,True,16,2329,,
20260621-mixed-after-shortlink-optimization,4,health,/api/health,200,True,0,130,,
20260621-mixed-after-shortlink-optimization,4,health,/api/health,200,True,0,130,,
20260621-mixed-after-shortlink-optimization,4,shortlink,/s/V27RLM,302,True,9,0,/result/R20260621113204840525814?sc=V27RLM,
20260621-mixed-after-shortlink-optimization,4,shortlink,/s/V27RLM,302,True,10,0,/result/R20260621113204840525814?sc=V27RLM,
20260621-mixed-after-shortlink-optimization,4,shortlink,/s/V27RLM,302,True,9,0,/result/R20260621113204840525814?sc=V27RLM,
20260621-mixed-after-shortlink-optimization,4,shortlink,/s/V27RLM,302,True,9,0,/result/R20260621113204840525814?sc=V27RLM,
20260621-mixed-after-shortlink-optimization,4,shortlink,/s/V27RLM,302,True,9,0,/result/R20260621113204840525814?sc=V27RLM,
20260621-mixed-after-shortlink-optimization,4,shortlink,/s/V27RLM,302,True,9,0,/result/R20260621113204840525814?sc=V27RLM,
20260621-mixed-after-shortlink-optimization,4,shortlink,/s/V27RLM,302,True,12,0,/result/R20260621113204840525814?sc=V27RLM,
20260621-mixed-after-shortlink-optimization,4,shortlink,/s/V27RLM,302,True,12,0,/result/R20260621113204840525814?sc=V27RLM,
20260621-mixed-after-shortlink-optimization,4,shortlink,/s/V27RLM,302,True,9,0,/result/R20260621113204840525814?sc=V27RLM,
20260621-mixed-after-shortlink-optimization,4,shortlink,/s/V27RLM,302,True,14,0,/result/R20260621113204840525814?sc=V27RLM,
20260621-mixed-after-shortlink-optimization,4,shortlink,/s/V27RLM,302,True,10,0,/result/R20260621113204840525814?sc=V27RLM,
20260621-mixed-after-shortlink-optimization,4,shortlink,/s/V27RLM,302,True,10,0,/result/R20260621113204840525814?sc=V27RLM,
20260621-mixed-after-shortlink-optimization,4,result,/api/results/R20260621113204840525814,200,True,7,1321,,
20260621-mixed-after-shortlink-optimization,4,result,/api/results/R20260621113204840525814,200,True,5,1321,,
20260621-mixed-after-shortlink-optimization,4,result,/api/results/R20260621113204840525814,200,True,6,1321,,
20260621-mixed-after-shortlink-optimization,4,result,/api/results/R20260621113204840525814,200,True,7,1321,,
20260621-mixed-after-shortlink-optimization,4,admin,/api/admin/overview,200,True,17,2329,,
20260621-mixed-after-shortlink-optimization,4,admin,/api/admin/overview,200,True,17,2329,,
20260621-mixed-after-shortlink-optimization,4,health,/api/health,200,True,0,130,,
20260621-mixed-after-shortlink-optimization,4,health,/api/health,200,True,0,130,,
20260621-mixed-after-shortlink-optimization,4,shortlink,/s/V27RLM,302,True,9,0,/result/R20260621113204840525814?sc=V27RLM,
20260621-mixed-after-shortlink-optimization,4,shortlink,/s/V27RLM,302,True,8,0,/result/R20260621113204840525814?sc=V27RLM,
20260621-mixed-after-shortlink-optimization,4,shortlink,/s/V27RLM,302,True,11,0,/result/R20260621113204840525814?sc=V27RLM,
20260621-mixed-after-shortlink-optimization,4,shortlink,/s/V27RLM,302,True,11,0,/result/R20260621113204840525814?sc=V27RLM,
20260621-mixed-after-shortlink-optimization,4,shortlink,/s/V27RLM,302,True,10,0,/result/R20260621113204840525814?sc=V27RLM,
20260621-mixed-after-shortlink-optimization,4,shortlink,/s/V27RLM,302,True,10,0,/result/R20260621113204840525814?sc=V27RLM,
20260621-mixed-after-shortlink-optimization,4,shortlink,/s/V27RLM,302,True,11,0,/result/R20260621113204840525814?sc=V27RLM,
20260621-mixed-after-shortlink-optimization,4,shortlink,/s/V27RLM,302,True,11,0,/result/R20260621113204840525814?sc=V27RLM,
20260621-mixed-after-shortlink-optimization,4,shortlink,/s/V27RLM,302,True,11,0,/result/R20260621113204840525814?sc=V27RLM,
20260621-mixed-after-shortlink-optimization,4,shortlink,/s/V27RLM,302,True,11,0,/result/R20260621113204840525814?sc=V27RLM,
20260621-mixed-after-shortlink-optimization,4,shortlink,/s/V27RLM,302,True,10,0,/result/R20260621113204840525814?sc=V27RLM,
20260621-mixed-after-shortlink-optimization,4,shortlink,/s/V27RLM,302,True,3,0,/result/R20260621113204840525814?sc=V27RLM,
20260621-mixed-after-shortlink-optimization,4,result,/api/results/R20260621113204840525814,200,True,8,1321,,
20260621-mixed-after-shortlink-optimization,4,result,/api/results/R20260621113204840525814,200,True,8,1321,,
20260621-mixed-after-shortlink-optimization,4,result,/api/results/R20260621113204840525814,200,True,6,1321,,
20260621-mixed-after-shortlink-optimization,4,result,/api/results/R20260621113204840525814,200,True,4,1321,,
20260621-mixed-after-shortlink-optimization,4,admin,/api/admin/overview,200,True,21,2329,,
20260621-mixed-after-shortlink-optimization,4,admin,/api/admin/overview,200,True,18,2329,,
20260621-mixed-after-shortlink-optimization,4,health,/api/health,200,True,0,130,,
20260621-mixed-after-shortlink-optimization,4,health,/api/health,200,True,0,130,,
20260621-mixed-after-shortlink-optimization,4,shortlink,/s/V27RLM,302,True,12,0,/result/R20260621113204840525814?sc=V27RLM,
20260621-mixed-after-shortlink-optimization,4,shortlink,/s/V27RLM,302,True,13,0,/result/R20260621113204840525814?sc=V27RLM,
20260621-mixed-after-shortlink-optimization,4,shortlink,/s/V27RLM,302,True,14,0,/result/R20260621113204840525814?sc=V27RLM,
20260621-mixed-after-shortlink-optimization,4,shortlink,/s/V27RLM,302,True,7,0,/result/R20260621113204840525814?sc=V27RLM,
20260621-mixed-after-shortlink-optimization,4,shortlink,/s/V27RLM,302,True,13,0,/result/R20260621113204840525814?sc=V27RLM,
20260621-mixed-after-shortlink-optimization,4,shortlink,/s/V27RLM,302,True,12,0,/result/R20260621113204840525814?sc=V27RLM,
20260621-mixed-after-shortlink-optimization,4,shortlink,/s/V27RLM,302,True,10,0,/result/R20260621113204840525814?sc=V27RLM,
20260621-mixed-after-shortlink-optimization,4,shortlink,/s/V27RLM,302,True,7,0,/result/R20260621113204840525814?sc=V27RLM,
20260621-mixed-after-shortlink-optimization,4,shortlink,/s/V27RLM,302,True,7,0,/result/R20260621113204840525814?sc=V27RLM,
20260621-mixed-after-shortlink-optimization,4,shortlink,/s/V27RLM,302,True,6,0,/result/R20260621113204840525814?sc=V27RLM,
20260621-mixed-after-shortlink-optimization,4,shortlink,/s/V27RLM,302,True,7,0,/result/R20260621113204840525814?sc=V27RLM,
20260621-mixed-after-shortlink-optimization,4,shortlink,/s/V27RLM,302,True,8,0,/result/R20260621113204840525814?sc=V27RLM,
20260621-mixed-after-shortlink-optimization,4,result,/api/results/R20260621113204840525814,200,True,7,1321,,
20260621-mixed-after-shortlink-optimization,4,result,/api/results/R20260621113204840525814,200,True,6,1321,,
20260621-mixed-after-shortlink-optimization,4,result,/api/results/R20260621113204840525814,200,True,9,1321,,
20260621-mixed-after-shortlink-optimization,4,result,/api/results/R20260621113204840525814,200,True,8,1321,,
20260621-mixed-after-shortlink-optimization,4,admin,/api/admin/overview,200,True,10,2329,,
20260621-mixed-after-shortlink-optimization,4,admin,/api/admin/overview,200,True,15,2329,,
20260621-mixed-after-shortlink-optimization,4,health,/api/health,200,True,0,130,,
20260621-mixed-after-shortlink-optimization,4,health,/api/health,200,True,1,130,,
20260621-mixed-after-shortlink-optimization,4,shortlink,/s/V27RLM,302,True,7,0,/result/R20260621113204840525814?sc=V27RLM,
20260621-mixed-after-shortlink-optimization,4,shortlink,/s/V27RLM,302,True,10,0,/result/R20260621113204840525814?sc=V27RLM,
20260621-mixed-after-shortlink-optimization,4,shortlink,/s/V27RLM,302,True,8,0,/result/R20260621113204840525814?sc=V27RLM,
20260621-mixed-after-shortlink-optimization,4,shortlink,/s/V27RLM,302,True,9,0,/result/R20260621113204840525814?sc=V27RLM,
20260621-mixed-after-shortlink-optimization,4,shortlink,/s/V27RLM,302,True,9,0,/result/R20260621113204840525814?sc=V27RLM,
20260621-mixed-after-shortlink-optimization,4,shortlink,/s/V27RLM,302,True,8,0,/result/R20260621113204840525814?sc=V27RLM,
20260621-mixed-after-shortlink-optimization,4,shortlink,/s/V27RLM,302,True,9,0,/result/R20260621113204840525814?sc=V27RLM,
20260621-mixed-after-shortlink-optimization,4,shortlink,/s/V27RLM,302,True,8,0,/result/R20260621113204840525814?sc=V27RLM,
20260621-mixed-after-shortlink-optimization,4,shortlink,/s/V27RLM,302,True,8,0,/result/R20260621113204840525814?sc=V27RLM,
20260621-mixed-after-shortlink-optimization,4,shortlink,/s/V27RLM,302,True,9,0,/result/R20260621113204840525814?sc=V27RLM,
20260621-mixed-after-shortlink-optimization,4,shortlink,/s/V27RLM,302,True,8,0,/result/R20260621113204840525814?sc=V27RLM,
20260621-mixed-after-shortlink-optimization,4,shortlink,/s/V27RLM,302,True,8,0,/result/R20260621113204840525814?sc=V27RLM,
20260621-mixed-after-shortlink-optimization,4,result,/api/results/R20260621113204840525814,200,True,6,1321,,
20260621-mixed-after-shortlink-optimization,4,result,/api/results/R20260621113204840525814,200,True,5,1321,,
20260621-mixed-after-shortlink-optimization,4,result,/api/results/R20260621113204840525814,200,True,5,1321,,
20260621-mixed-after-shortlink-optimization,4,result,/api/results/R20260621113204840525814,200,True,5,1321,,
20260621-mixed-after-shortlink-optimization,4,admin,/api/admin/overview,200,True,13,2329,,
20260621-mixed-after-shortlink-optimization,4,admin,/api/admin/overview,200,True,12,2329,,
20260621-mixed-after-shortlink-optimization,4,health,/api/health,200,True,0,130,,
20260621-mixed-after-shortlink-optimization,4,health,/api/health,200,True,0,130,,
20260621-mixed-after-shortlink-optimization,4,shortlink,/s/V27RLM,302,True,9,0,/result/R20260621113204840525814?sc=V27RLM,
20260621-mixed-after-shortlink-optimization,4,shortlink,/s/V27RLM,302,True,6,0,/result/R20260621113204840525814?sc=V27RLM,
20260621-mixed-after-shortlink-optimization,4,shortlink,/s/V27RLM,302,True,9,0,/result/R20260621113204840525814?sc=V27RLM,
20260621-mixed-after-shortlink-optimization,4,shortlink,/s/V27RLM,302,True,9,0,/result/R20260621113204840525814?sc=V27RLM,
20260621-mixed-after-shortlink-optimization,4,shortlink,/s/V27RLM,302,True,10,0,/result/R20260621113204840525814?sc=V27RLM,
20260621-mixed-after-shortlink-optimization,4,shortlink,/s/V27RLM,302,True,10,0,/result/R20260621113204840525814?sc=V27RLM,
20260621-mixed-after-shortlink-optimization,4,shortlink,/s/V27RLM,302,True,7,0,/result/R20260621113204840525814?sc=V27RLM,
20260621-mixed-after-shortlink-optimization,4,shortlink,/s/V27RLM,302,True,7,0,/result/R20260621113204840525814?sc=V27RLM,
20260621-mixed-after-shortlink-optimization,4,shortlink,/s/V27RLM,302,True,8,0,/result/R20260621113204840525814?sc=V27RLM,
20260621-mixed-after-shortlink-optimization,4,shortlink,/s/V27RLM,302,True,8,0,/result/R20260621113204840525814?sc=V27RLM,
20260621-mixed-after-shortlink-optimization,4,shortlink,/s/V27RLM,302,True,10,0,/result/R20260621113204840525814?sc=V27RLM,
20260621-mixed-after-shortlink-optimization,4,shortlink,/s/V27RLM,302,True,10,0,/result/R20260621113204840525814?sc=V27RLM,
20260621-mixed-after-shortlink-optimization,4,result,/api/results/R20260621113204840525814,200,True,6,1321,,
20260621-mixed-after-shortlink-optimization,4,result,/api/results/R20260621113204840525814,200,True,6,1321,,
20260621-mixed-after-shortlink-optimization,4,result,/api/results/R20260621113204840525814,200,True,6,1321,,
20260621-mixed-after-shortlink-optimization,4,result,/api/results/R20260621113204840525814,200,True,5,1321,,
20260621-mixed-after-shortlink-optimization,4,admin,/api/admin/overview,200,True,10,2329,,
20260621-mixed-after-shortlink-optimization,4,admin,/api/admin/overview,200,True,10,2329,,
20260621-mixed-after-shortlink-optimization,4,health,/api/health,200,True,0,130,,
20260621-mixed-after-shortlink-optimization,4,health,/api/health,200,True,0,130,,
