kind,path,status,ok,elapsed_ms,size,error
shortlink,/s/AIfUZ0,302,True,18,0,
shortlink,/s/AIfUZ0,302,True,14,0,
shortlink,/s/AIfUZ0,302,True,20,0,
shortlink,/s/AIfUZ0,302,True,47,0,
shortlink,/s/AIfUZ0,302,True,30,0,
shortlink,/s/AIfUZ0,302,True,68,0,
shortlink,/s/AIfUZ0,302,True,72,0,
shortlink,/s/AIfUZ0,302,True,77,0,
shortlink,/s/AIfUZ0,302,True,95,0,
shortlink,/s/AIfUZ0,302,True,97,0,
shortlink,/s/AIfUZ0,302,True,45,0,
shortlink,/s/AIfUZ0,302,True,150,0,
result,/api/results/R20260614011017750473441,200,True,34,1321,
result,/api/results/R20260614011017750473441,200,True,52,1321,
result,/api/results/R20260614011017750473441,200,True,55,1321,
result,/api/results/R20260614011017750473441,200,True,58,1321,
admin,/api/admin/overview,200,True,79,4319,
admin,/api/admin/overview,200,True,81,4319,
health,/api/health,200,True,2,130,
health,/api/health,200,True,2,130,
shortlink,/s/AIfUZ0,302,True,189,0,
shortlink,/s/AIfUZ0,302,True,227,0,
shortlink,/s/AIfUZ0,302,True,219,0,
shortlink,/s/AIfUZ0,302,True,232,0,
shortlink,/s/AIfUZ0,302,True,451,0,
shortlink,/s/AIfUZ0,302,True,455,0,
shortlink,/s/AIfUZ0,302,True,270,0,
shortlink,/s/AIfUZ0,302,True,440,0,
shortlink,/s/AIfUZ0,302,True,278,0,
shortlink,/s/AIfUZ0,302,True,288,0,
shortlink,/s/AIfUZ0,302,True,510,0,
shortlink,/s/AIfUZ0,302,True,289,0,
result,/api/results/R20260614011017750473441,200,True,112,1321,
result,/api/results/R20260614011017750473441,200,True,113,1321,
result,/api/results/R20260614011017750473441,200,True,127,1321,
result,/api/results/R20260614011017750473441,200,True,131,1321,
admin,/api/admin/overview,200,True,149,4319,
admin,/api/admin/overview,200,True,358,4319,
health,/api/health,200,True,1,130,
health,/api/health,200,True,4,130,
shortlink,/s/AIfUZ0,302,True,143,0,
shortlink,/s/AIfUZ0,302,True,355,0,
shortlink,/s/AIfUZ0,302,True,363,0,
shortlink,/s/AIfUZ0,302,True,376,0,
shortlink,/s/AIfUZ0,302,True,373,0,
shortlink,/s/AIfUZ0,302,True,368,0,
shortlink,/s/AIfUZ0,302,True,199,0,
shortlink,/s/AIfUZ0,302,True,150,0,
shortlink,/s/AIfUZ0,302,True,391,0,
shortlink,/s/AIfUZ0,302,True,384,0,
shortlink,/s/AIfUZ0,302,True,376,0,
shortlink,/s/AIfUZ0,302,True,379,0,
result,/api/results/R20260614011017750473441,200,True,198,1321,
result,/api/results/R20260614011017750473441,200,True,379,1321,
result,/api/results/R20260614011017750473441,200,True,413,1321,
result,/api/results/R20260614011017750473441,200,True,195,1321,
admin,/api/admin/overview,200,True,199,4319,
admin,/api/admin/overview,200,True,213,4321,
health,/api/health,200,True,3,130,
health,/api/health,200,True,1,130,
shortlink,/s/AIfUZ0,302,True,421,0,
shortlink,/s/AIfUZ0,302,True,234,0,
shortlink,/s/AIfUZ0,302,True,422,0,
shortlink,/s/AIfUZ0,302,True,680,0,
shortlink,/s/AIfUZ0,302,True,225,0,
shortlink,/s/AIfUZ0,302,True,441,0,
shortlink,/s/AIfUZ0,302,True,444,0,
shortlink,/s/AIfUZ0,302,True,449,0,
shortlink,/s/AIfUZ0,302,True,451,0,
shortlink,/s/AIfUZ0,302,True,450,0,
shortlink,/s/AIfUZ0,302,True,236,0,
shortlink,/s/AIfUZ0,302,True,693,0,
result,/api/results/R20260614011017750473441,200,True,237,1321,
result,/api/results/R20260614011017750473441,200,True,458,1321,
result,/api/results/R20260614011017750473441,200,True,255,1321,
result,/api/results/R20260614011017750473441,200,True,255,1321,
admin,/api/admin/overview,200,True,269,4321,
admin,/api/admin/overview,200,True,265,4321,
health,/api/health,200,True,1,130,
health,/api/health,200,True,3,130,
shortlink,/s/AIfUZ0,302,True,263,0,
shortlink,/s/AIfUZ0,302,True,265,0,
shortlink,/s/AIfUZ0,302,True,501,0,
shortlink,/s/AIfUZ0,302,True,503,0,
shortlink,/s/AIfUZ0,302,True,728,0,
shortlink,/s/AIfUZ0,302,True,504,0,
shortlink,/s/AIfUZ0,302,True,504,0,
shortlink,/s/AIfUZ0,302,True,290,0,
shortlink,/s/AIfUZ0,302,True,510,0,
shortlink,/s/AIfUZ0,302,True,517,0,
shortlink,/s/AIfUZ0,302,True,511,0,
shortlink,/s/AIfUZ0,302,True,737,0,
result,/api/results/R20260614011017750473441,200,True,306,1321,
result,/api/results/R20260614011017750473441,200,True,307,1321,
result,/api/results/R20260614011017750473441,200,True,315,1321,
result,/api/results/R20260614011017750473441,200,True,309,1321,
admin,/api/admin/overview,200,True,321,4321,
admin,/api/admin/overview,200,True,317,4321,
health,/api/health,200,True,2,130,
health,/api/health,200,True,2,130,
shortlink,/s/AIfUZ0,302,True,313,0,
shortlink,/s/AIfUZ0,302,True,322,0,
shortlink,/s/AIfUZ0,302,True,554,0,
shortlink,/s/AIfUZ0,302,True,763,0,
shortlink,/s/AIfUZ0,302,True,553,0,
shortlink,/s/AIfUZ0,302,True,332,0,
shortlink,/s/AIfUZ0,302,True,545,0,
shortlink,/s/AIfUZ0,302,True,761,0,
shortlink,/s/AIfUZ0,302,True,550,0,
shortlink,/s/AIfUZ0,302,True,553,0,
shortlink,/s/AIfUZ0,302,True,766,0,
shortlink,/s/AIfUZ0,302,True,558,0,
result,/api/results/R20260614011017750473441,200,True,549,1321,
result,/api/results/R20260614011017750473441,200,True,328,1321,
result,/api/results/R20260614011017750473441,200,True,327,1321,
result,/api/results/R20260614011017750473441,200,True,329,1321,
admin,/api/admin/overview,200,True,336,4321,
admin,/api/admin/overview,200,True,335,4321,
health,/api/health,200,True,2,130,
health,/api/health,200,True,2,130,
shortlink,/s/AIfUZ0,302,True,334,0,
shortlink,/s/AIfUZ0,302,True,572,0,
shortlink,/s/AIfUZ0,302,True,336,0,
shortlink,/s/AIfUZ0,302,True,769,0,
shortlink,/s/AIfUZ0,302,True,568,0,
shortlink,/s/AIfUZ0,302,True,568,0,
shortlink,/s/AIfUZ0,302,True,575,0,
shortlink,/s/AIfUZ0,302,True,572,0,
shortlink,/s/AIfUZ0,302,True,344,0,
shortlink,/s/AIfUZ0,302,True,573,0,
shortlink,/s/AIfUZ0,302,True,576,0,
shortlink,/s/AIfUZ0,302,True,343,0,
result,/api/results/R20260614011017750473441,200,True,577,1321,
result,/api/results/R20260614011017750473441,200,True,345,1321,
result,/api/results/R20260614011017750473441,200,True,346,1321,
result,/api/results/R20260614011017750473441,200,True,347,1321,
admin,/api/admin/overview,200,True,354,4321,
admin,/api/admin/overview,200,True,357,4321,
health,/api/health,200,True,1,130,
health,/api/health,200,True,2,130,
shortlink,/s/AIfUZ0,302,True,358,0,
shortlink,/s/AIfUZ0,302,True,582,0,
shortlink,/s/AIfUZ0,302,True,588,0,
shortlink,/s/AIfUZ0,302,True,787,0,
shortlink,/s/AIfUZ0,302,True,591,0,
shortlink,/s/AIfUZ0,302,True,358,0,
shortlink,/s/AIfUZ0,302,True,594,0,
shortlink,/s/AIfUZ0,302,True,593,0,
shortlink,/s/AIfUZ0,302,True,605,0,
shortlink,/s/AIfUZ0,302,True,363,0,
shortlink,/s/AIfUZ0,302,True,365,0,
shortlink,/s/AIfUZ0,302,True,790,0,
result,/api/results/R20260614011017750473441,200,True,359,1321,
result,/api/results/R20260614011017750473441,200,True,360,1321,
result,/api/results/R20260614011017750473441,200,True,792,1321,
result,/api/results/R20260614011017750473441,200,True,368,1321,
admin,/api/admin/overview,200,True,369,4321,
admin,/api/admin/overview,200,True,368,4321,
health,/api/health,200,True,2,130,
health,/api/health,200,True,4,130,
shortlink,/s/AIfUZ0,302,True,613,0,
shortlink,/s/AIfUZ0,302,True,797,0,
shortlink,/s/AIfUZ0,302,True,793,0,
shortlink,/s/AIfUZ0,302,True,798,0,
shortlink,/s/AIfUZ0,302,True,366,0,
shortlink,/s/AIfUZ0,302,True,622,0,
shortlink,/s/AIfUZ0,302,True,619,0,
shortlink,/s/AIfUZ0,302,True,622,0,
shortlink,/s/AIfUZ0,302,True,370,0,
shortlink,/s/AIfUZ0,302,True,621,0,
shortlink,/s/AIfUZ0,302,True,368,0,
shortlink,/s/AIfUZ0,302,True,371,0,
result,/api/results/R20260614011017750473441,200,True,378,1321,
result,/api/results/R20260614011017750473441,200,True,370,1321,
result,/api/results/R20260614011017750473441,200,True,374,1321,
result,/api/results/R20260614011017750473441,200,True,379,1321,
admin,/api/admin/overview,200,True,382,4321,
admin,/api/admin/overview,200,True,388,4321,
health,/api/health,200,True,2,130,
health,/api/health,200,True,2,130,
shortlink,/s/AIfUZ0,302,True,382,0,
shortlink,/s/AIfUZ0,302,True,637,0,
shortlink,/s/AIfUZ0,302,True,391,0,
shortlink,/s/AIfUZ0,302,True,386,0,
shortlink,/s/AIfUZ0,302,True,636,0,
shortlink,/s/AIfUZ0,302,True,636,0,
shortlink,/s/AIfUZ0,302,True,636,0,
shortlink,/s/AIfUZ0,302,True,821,0,
shortlink,/s/AIfUZ0,302,True,400,0,
shortlink,/s/AIfUZ0,302,True,640,0,
shortlink,/s/AIfUZ0,302,True,641,0,
shortlink,/s/AIfUZ0,302,True,642,0,
result,/api/results/R20260614011017750473441,200,True,402,1321,
result,/api/results/R20260614011017750473441,200,True,406,1321,
result,/api/results/R20260614011017750473441,200,True,408,1321,
result,/api/results/R20260614011017750473441,200,True,408,1321,
admin,/api/admin/overview,200,True,413,4321,
admin,/api/admin/overview,200,True,414,4321,
health,/api/health,200,True,1,130,
health,/api/health,200,True,4,130,
shortlink,/s/AIfUZ0,302,True,826,0,
shortlink,/s/AIfUZ0,302,True,646,0,
shortlink,/s/AIfUZ0,302,True,650,0,
shortlink,/s/AIfUZ0,302,True,415,0,
shortlink,/s/AIfUZ0,302,True,836,0,
shortlink,/s/AIfUZ0,302,True,411,0,
shortlink,/s/AIfUZ0,302,True,417,0,
shortlink,/s/AIfUZ0,302,True,1267,0,
shortlink,/s/AIfUZ0,302,True,652,0,
shortlink,/s/AIfUZ0,302,True,422,0,
shortlink,/s/AIfUZ0,302,True,837,0,
shortlink,/s/AIfUZ0,302,True,656,0,
result,/api/results/R20260614011017750473441,200,True,425,1321,
result,/api/results/R20260614011017750473441,200,True,421,1321,
result,/api/results/R20260614011017750473441,200,True,839,1321,
result,/api/results/R20260614011017750473441,200,True,426,1321,
admin,/api/admin/overview,200,True,431,4321,
admin,/api/admin/overview,200,True,428,4321,
health,/api/health,200,True,3,130,
health,/api/health,200,True,1,130,
shortlink,/s/AIfUZ0,302,True,430,0,
shortlink,/s/AIfUZ0,302,True,206,0,
shortlink,/s/AIfUZ0,302,True,842,0,
shortlink,/s/AIfUZ0,302,True,847,0,
shortlink,/s/AIfUZ0,302,True,431,0,
shortlink,/s/AIfUZ0,302,True,661,0,
shortlink,/s/AIfUZ0,302,True,658,0,
shortlink,/s/AIfUZ0,302,True,660,0,
shortlink,/s/AIfUZ0,302,True,658,0,
shortlink,/s/AIfUZ0,302,True,655,0,
shortlink,/s/AIfUZ0,302,True,430,0,
shortlink,/s/AIfUZ0,302,True,845,0,
result,/api/results/R20260614011017750473441,200,True,433,1321,
result,/api/results/R20260614011017750473441,200,True,430,1321,
result,/api/results/R20260614011017750473441,200,True,431,1321,
result,/api/results/R20260614011017750473441,200,True,430,1321,
admin,/api/admin/overview,200,True,441,4321,
admin,/api/admin/overview,200,True,441,4321,
health,/api/health,200,True,1,130,
health,/api/health,200,True,3,130,
shortlink,/s/AIfUZ0,302,True,844,0,
shortlink,/s/AIfUZ0,302,True,435,0,
shortlink,/s/AIfUZ0,302,True,659,0,
shortlink,/s/AIfUZ0,302,True,658,0,
shortlink,/s/AIfUZ0,302,True,664,0,
shortlink,/s/AIfUZ0,302,True,685,0,
shortlink,/s/AIfUZ0,302,True,447,0,
shortlink,/s/AIfUZ0,302,True,657,0,
shortlink,/s/AIfUZ0,302,True,658,0,
shortlink,/s/AIfUZ0,302,True,505,0,
shortlink,/s/AIfUZ0,302,True,674,0,
shortlink,/s/AIfUZ0,302,True,511,0,
result,/api/results/R20260614011017750473441,200,True,508,1321,
result,/api/results/R20260614011017750473441,200,True,544,1321,
result,/api/results/R20260614011017750473441,200,True,528,1321,
result,/api/results/R20260614011017750473441,200,True,546,1321,
admin,/api/admin/overview,200,True,514,4321,
admin,/api/admin/overview,200,True,706,4322,
health,/api/health,200,True,102,130,
health,/api/health,200,True,101,130,
shortlink,/s/AIfUZ0,302,True,737,0,
shortlink,/s/AIfUZ0,302,True,973,0,
shortlink,/s/AIfUZ0,302,True,565,0,
shortlink,/s/AIfUZ0,302,True,770,0,
shortlink,/s/AIfUZ0,302,True,741,0,
shortlink,/s/AIfUZ0,302,True,997,0,
shortlink,/s/AIfUZ0,302,True,749,0,
shortlink,/s/AIfUZ0,302,True,768,0,
shortlink,/s/AIfUZ0,302,True,773,0,
shortlink,/s/AIfUZ0,302,True,591,0,
shortlink,/s/AIfUZ0,302,True,777,0,
shortlink,/s/AIfUZ0,302,True,777,0,
result,/api/results/R20260614011017750473441,200,True,595,1321,
result,/api/results/R20260614011017750473441,200,True,777,1321,
result,/api/results/R20260614011017750473441,200,True,627,1321,
result,/api/results/R20260614011017750473441,200,True,611,1321,
admin,/api/admin/overview,200,True,616,4321,
admin,/api/admin/overview,200,True,628,4321,
health,/api/health,200,True,185,130,
health,/api/health,200,True,186,130,
shortlink,/s/AIfUZ0,302,True,823,0,
shortlink,/s/AIfUZ0,302,True,815,0,
shortlink,/s/AIfUZ0,302,True,629,0,
shortlink,/s/AIfUZ0,302,True,631,0,
shortlink,/s/AIfUZ0,302,True,632,0,
shortlink,/s/AIfUZ0,302,True,1066,0,
shortlink,/s/AIfUZ0,302,True,1254,0,
shortlink,/s/AIfUZ0,302,True,633,0,
shortlink,/s/AIfUZ0,302,True,829,0,
shortlink,/s/AIfUZ0,302,True,834,0,
shortlink,/s/AIfUZ0,302,True,639,0,
shortlink,/s/AIfUZ0,302,True,834,0,
result,/api/results/R20260614011017750473441,200,True,639,1321,
result,/api/results/R20260614011017750473441,200,True,836,1321,
result,/api/results/R20260614011017750473441,200,True,835,1321,
result,/api/results/R20260614011017750473441,200,True,641,1321,
admin,/api/admin/overview,200,True,644,4321,
admin,/api/admin/overview,200,True,645,4321,
health,/api/health,200,True,207,130,
health,/api/health,200,True,210,130,
shortlink,/s/AIfUZ0,302,True,639,0,
shortlink,/s/AIfUZ0,302,True,638,0,
shortlink,/s/AIfUZ0,302,True,643,0,
shortlink,/s/AIfUZ0,302,True,840,0,
shortlink,/s/AIfUZ0,302,True,842,0,
shortlink,/s/AIfUZ0,302,True,1078,0,
shortlink,/s/AIfUZ0,302,True,649,0,
shortlink,/s/AIfUZ0,302,True,848,0,
shortlink,/s/AIfUZ0,302,True,847,0,
shortlink,/s/AIfUZ0,302,True,1086,0,
shortlink,/s/AIfUZ0,302,True,847,0,
shortlink,/s/AIfUZ0,302,True,655,0,
result,/api/results/R20260614011017750473441,200,True,651,1321,
result,/api/results/R20260614011017750473441,200,True,658,1321,
result,/api/results/R20260614011017750473441,200,True,662,1321,
result,/api/results/R20260614011017750473441,200,True,870,1321,
admin,/api/admin/overview,200,True,667,4323,
admin,/api/admin/overview,200,True,669,4323,
health,/api/health,200,True,237,130,
health,/api/health,200,True,236,130,
shortlink,/s/AIfUZ0,302,True,667,0,
shortlink,/s/AIfUZ0,302,True,882,0,
shortlink,/s/AIfUZ0,302,True,891,0,
shortlink,/s/AIfUZ0,302,True,668,0,
shortlink,/s/AIfUZ0,302,True,895,0,
shortlink,/s/AIfUZ0,302,True,669,0,
shortlink,/s/AIfUZ0,302,True,898,0,
shortlink,/s/AIfUZ0,302,True,899,0,
shortlink,/s/AIfUZ0,302,True,900,0,
shortlink,/s/AIfUZ0,302,True,1108,0,
shortlink,/s/AIfUZ0,302,True,675,0,
shortlink,/s/AIfUZ0,302,True,916,0,
result,/api/results/R20260614011017750473441,200,True,679,1321,
result,/api/results/R20260614011017750473441,200,True,677,1321,
result,/api/results/R20260614011017750473441,200,True,914,1321,
result,/api/results/R20260614011017750473441,200,True,681,1321,
admin,/api/admin/overview,200,True,685,4323,
admin,/api/admin/overview,200,True,684,4323,
health,/api/health,200,True,250,130,
health,/api/health,200,True,254,130,
shortlink,/s/AIfUZ0,302,True,683,0,
shortlink,/s/AIfUZ0,302,True,922,0,
shortlink,/s/AIfUZ0,302,True,676,0,
shortlink,/s/AIfUZ0,302,True,680,0,
shortlink,/s/AIfUZ0,302,True,913,0,
shortlink,/s/AIfUZ0,302,True,919,0,
shortlink,/s/AIfUZ0,302,True,1115,0,
shortlink,/s/AIfUZ0,302,True,919,0,
shortlink,/s/AIfUZ0,302,True,1119,0,
shortlink,/s/AIfUZ0,302,True,690,0,
shortlink,/s/AIfUZ0,302,True,1123,0,
shortlink,/s/AIfUZ0,302,True,695,0,
result,/api/results/R20260614011017750473441,200,True,695,1321,
result,/api/results/R20260614011017750473441,200,True,698,1321,
result,/api/results/R20260614011017750473441,200,True,702,1321,
result,/api/results/R20260614011017750473441,200,True,701,1321,
admin,/api/admin/overview,200,True,707,4323,
admin,/api/admin/overview,200,True,711,4323,
health,/api/health,200,True,287,130,
health,/api/health,200,True,286,130,
shortlink,/s/AIfUZ0,302,True,1136,0,
shortlink,/s/AIfUZ0,302,True,709,0,
shortlink,/s/AIfUZ0,302,True,939,0,
shortlink,/s/AIfUZ0,302,True,947,0,
shortlink,/s/AIfUZ0,302,True,713,0,
shortlink,/s/AIfUZ0,302,True,720,0,
shortlink,/s/AIfUZ0,302,True,1146,0,
shortlink,/s/AIfUZ0,302,True,1149,0,
shortlink,/s/AIfUZ0,302,True,960,0,
shortlink,/s/AIfUZ0,302,True,719,0,
shortlink,/s/AIfUZ0,302,True,959,0,
shortlink,/s/AIfUZ0,302,True,959,0,
result,/api/results/R20260614011017750473441,200,True,724,1321,
result,/api/results/R20260614011017750473441,200,True,720,1321,
result,/api/results/R20260614011017750473441,200,True,724,1321,
result,/api/results/R20260614011017750473441,200,True,726,1321,
admin,/api/admin/overview,200,True,732,4323,
admin,/api/admin/overview,200,True,731,4323,
health,/api/health,200,True,314,130,
health,/api/health,200,True,310,130,
shortlink,/s/AIfUZ0,302,True,971,0,
shortlink,/s/AIfUZ0,302,True,725,0,
shortlink,/s/AIfUZ0,302,True,973,0,
shortlink,/s/AIfUZ0,302,True,732,0,
shortlink,/s/AIfUZ0,302,True,1167,0,
shortlink,/s/AIfUZ0,302,True,1168,0,
shortlink,/s/AIfUZ0,302,True,973,0,
shortlink,/s/AIfUZ0,302,True,976,0,
shortlink,/s/AIfUZ0,302,True,1000,0,
shortlink,/s/AIfUZ0,302,True,735,0,
shortlink,/s/AIfUZ0,302,True,1168,0,
shortlink,/s/AIfUZ0,302,True,750,0,
result,/api/results/R20260614011017750473441,200,True,745,1321,
result,/api/results/R20260614011017750473441,200,True,993,1321,
result,/api/results/R20260614011017750473441,200,True,754,1321,
result,/api/results/R20260614011017750473441,200,True,752,1321,
admin,/api/admin/overview,200,True,762,4323,
admin,/api/admin/overview,200,True,773,4323,
health,/api/health,200,True,375,130,
health,/api/health,200,True,374,130,
shortlink,/s/AIfUZ0,302,True,778,0,
shortlink,/s/AIfUZ0,302,True,1393,0,
shortlink,/s/AIfUZ0,302,True,776,0,
shortlink,/s/AIfUZ0,302,True,1015,0,
shortlink,/s/AIfUZ0,302,True,1017,0,
shortlink,/s/AIfUZ0,302,True,1014,0,
shortlink,/s/AIfUZ0,302,True,1013,0,
shortlink,/s/AIfUZ0,302,True,781,0,
shortlink,/s/AIfUZ0,302,True,1020,0,
shortlink,/s/AIfUZ0,302,True,1020,0,
shortlink,/s/AIfUZ0,302,True,1020,0,
shortlink,/s/AIfUZ0,302,True,802,0,
result,/api/results/R20260614011017750473441,200,True,790,1321,
result,/api/results/R20260614011017750473441,200,True,785,1321,
result,/api/results/R20260614011017750473441,200,True,798,1321,
result,/api/results/R20260614011017750473441,200,True,803,1321,
admin,/api/admin/overview,200,True,812,4323,
admin,/api/admin/overview,200,True,1034,4324,
health,/api/health,200,True,411,130,
health,/api/health,200,True,410,130,
shortlink,/s/AIfUZ0,302,True,1034,0,
shortlink,/s/AIfUZ0,302,True,1034,0,
shortlink,/s/AIfUZ0,302,True,1027,0,
shortlink,/s/AIfUZ0,302,True,1035,0,
shortlink,/s/AIfUZ0,302,True,1045,0,
shortlink,/s/AIfUZ0,302,True,1041,0,
shortlink,/s/AIfUZ0,302,True,1042,0,
shortlink,/s/AIfUZ0,302,True,1044,0,
shortlink,/s/AIfUZ0,302,True,1044,0,
shortlink,/s/AIfUZ0,302,True,1053,0,
shortlink,/s/AIfUZ0,302,True,1056,0,
shortlink,/s/AIfUZ0,302,True,1254,0,
result,/api/results/R20260614011017750473441,200,True,869,1321,
result,/api/results/R20260614011017750473441,200,True,867,1321,
result,/api/results/R20260614011017750473441,200,True,870,1321,
result,/api/results/R20260614011017750473441,200,True,874,1321,
admin,/api/admin/overview,200,True,883,4323,
admin,/api/admin/overview,200,True,1078,4323,
health,/api/health,200,True,459,130,
health,/api/health,200,True,464,130,
shortlink,/s/AIfUZ0,302,True,1082,0,
shortlink,/s/AIfUZ0,302,True,1088,0,
shortlink,/s/AIfUZ0,302,True,880,0,
shortlink,/s/AIfUZ0,302,True,1091,0,
shortlink,/s/AIfUZ0,302,True,1087,0,
shortlink,/s/AIfUZ0,302,True,1091,0,
shortlink,/s/AIfUZ0,302,True,1105,0,
shortlink,/s/AIfUZ0,302,True,1094,0,
shortlink,/s/AIfUZ0,302,True,1109,0,
shortlink,/s/AIfUZ0,302,True,1108,0,
shortlink,/s/AIfUZ0,302,True,1112,0,
shortlink,/s/AIfUZ0,302,True,1109,0,
result,/api/results/R20260614011017750473441,200,True,915,1321,
result,/api/results/R20260614011017750473441,200,True,1112,1321,
result,/api/results/R20260614011017750473441,200,True,920,1321,
result,/api/results/R20260614011017750473441,200,True,931,1321,
admin,/api/admin/overview,200,True,933,4323,
admin,/api/admin/overview,200,True,936,4323,
health,/api/health,200,True,498,130,
health,/api/health,200,True,498,130,
shortlink,/s/AIfUZ0,302,True,1122,0,
shortlink,/s/AIfUZ0,302,True,1121,0,
shortlink,/s/AIfUZ0,302,True,1123,0,
shortlink,/s/AIfUZ0,302,True,933,0,
shortlink,/s/AIfUZ0,302,True,1314,0,
shortlink,/s/AIfUZ0,302,True,1121,0,
shortlink,/s/AIfUZ0,302,True,929,0,
shortlink,/s/AIfUZ0,302,True,1122,0,
shortlink,/s/AIfUZ0,302,True,1121,0,
shortlink,/s/AIfUZ0,302,True,1121,0,
shortlink,/s/AIfUZ0,302,True,1128,0,
shortlink,/s/AIfUZ0,302,True,1126,0,
result,/api/results/R20260614011017750473441,200,True,937,1321,
result,/api/results/R20260614011017750473441,200,True,938,1321,
result,/api/results/R20260614011017750473441,200,True,941,1321,
result,/api/results/R20260614011017750473441,200,True,943,1321,
admin,/api/admin/overview,200,True,1133,4323,
admin,/api/admin/overview,200,True,1132,4323,
health,/api/health,200,True,510,130,
health,/api/health,200,True,510,130,
shortlink,/s/AIfUZ0,302,True,1130,0,
shortlink,/s/AIfUZ0,302,True,947,0,
shortlink,/s/AIfUZ0,302,True,941,0,
shortlink,/s/AIfUZ0,302,True,1132,0,
shortlink,/s/AIfUZ0,302,True,1141,0,
shortlink,/s/AIfUZ0,302,True,965,0,
shortlink,/s/AIfUZ0,302,True,1529,0,
shortlink,/s/AIfUZ0,302,True,1151,0,
shortlink,/s/AIfUZ0,302,True,1153,0,
shortlink,/s/AIfUZ0,302,True,1153,0,
shortlink,/s/AIfUZ0,302,True,1150,0,
shortlink,/s/AIfUZ0,302,True,1156,0,
result,/api/results/R20260614011017750473441,200,True,971,1321,
result,/api/results/R20260614011017750473441,200,True,973,1321,
result,/api/results/R20260614011017750473441,200,True,972,1321,
result,/api/results/R20260614011017750473441,200,True,972,1321,
admin,/api/admin/overview,200,True,977,4324,
admin,/api/admin/overview,200,True,980,4324,
health,/api/health,200,True,541,130,
health,/api/health,200,True,544,130,
shortlink,/s/AIfUZ0,302,True,1165,0,
shortlink,/s/AIfUZ0,302,True,982,0,
shortlink,/s/AIfUZ0,302,True,1173,0,
shortlink,/s/AIfUZ0,302,True,1173,0,
shortlink,/s/AIfUZ0,302,True,985,0,
shortlink,/s/AIfUZ0,302,True,993,0,
shortlink,/s/AIfUZ0,302,True,1181,0,
shortlink,/s/AIfUZ0,302,True,1180,0,
shortlink,/s/AIfUZ0,302,True,1568,0,
shortlink,/s/AIfUZ0,302,True,1183,0,
shortlink,/s/AIfUZ0,302,True,1187,0,
shortlink,/s/AIfUZ0,302,True,1186,0,
result,/api/results/R20260614011017750473441,200,True,994,1321,
result,/api/results/R20260614011017750473441,200,True,996,1321,
result,/api/results/R20260614011017750473441,200,True,997,1321,
result,/api/results/R20260614011017750473441,200,True,1001,1321,
admin,/api/admin/overview,200,True,1018,4324,
admin,/api/admin/overview,200,True,1386,4324,
health,/api/health,200,True,577,130,
health,/api/health,200,True,577,130,
shortlink,/s/AIfUZ0,302,True,1201,0,
shortlink,/s/AIfUZ0,302,True,1010,0,
shortlink,/s/AIfUZ0,302,True,1201,0,
shortlink,/s/AIfUZ0,302,True,1205,0,
shortlink,/s/AIfUZ0,302,True,1390,0,
shortlink,/s/AIfUZ0,302,True,1023,0,
shortlink,/s/AIfUZ0,302,True,1012,0,
shortlink,/s/AIfUZ0,302,True,1013,0,
shortlink,/s/AIfUZ0,302,True,1393,0,
shortlink,/s/AIfUZ0,302,True,1210,0,
shortlink,/s/AIfUZ0,302,True,1211,0,
shortlink,/s/AIfUZ0,302,True,1019,0,
result,/api/results/R20260614011017750473441,200,True,1214,1321,
result,/api/results/R20260614011017750473441,200,True,1018,1321,
result,/api/results/R20260614011017750473441,200,True,1015,1321,
result,/api/results/R20260614011017750473441,200,True,1023,1321,
admin,/api/admin/overview,200,True,1030,4324,
admin,/api/admin/overview,200,True,1035,4324,
health,/api/health,200,True,596,130,
health,/api/health,200,True,595,130,
shortlink,/s/AIfUZ0,302,True,1407,0,
shortlink,/s/AIfUZ0,302,True,1216,0,
shortlink,/s/AIfUZ0,302,True,1224,0,
shortlink,/s/AIfUZ0,302,True,1410,0,
shortlink,/s/AIfUZ0,302,True,1027,0,
shortlink,/s/AIfUZ0,302,True,1213,0,
shortlink,/s/AIfUZ0,302,True,1408,0,
shortlink,/s/AIfUZ0,302,True,1223,0,
shortlink,/s/AIfUZ0,302,True,1049,0,
shortlink,/s/AIfUZ0,302,True,1226,0,
shortlink,/s/AIfUZ0,302,True,1222,0,
shortlink,/s/AIfUZ0,302,True,1224,0,
result,/api/results/R20260614011017750473441,200,True,1042,1321,
result,/api/results/R20260614011017750473441,200,True,1048,1321,
result,/api/results/R20260614011017750473441,200,True,1252,1321,
result,/api/results/R20260614011017750473441,200,True,1056,1321,
admin,/api/admin/overview,200,True,1052,4324,
admin,/api/admin/overview,200,True,1053,4324,
health,/api/health,200,True,632,130,
health,/api/health,200,True,632,130,
shortlink,/s/AIfUZ0,302,True,1064,0,
shortlink,/s/AIfUZ0,302,True,1441,0,
shortlink,/s/AIfUZ0,302,True,1256,0,
shortlink,/s/AIfUZ0,302,True,1256,0,
shortlink,/s/AIfUZ0,302,True,1260,0,
shortlink,/s/AIfUZ0,302,True,1261,0,
shortlink,/s/AIfUZ0,302,True,1263,0,
shortlink,/s/AIfUZ0,302,True,1261,0,
shortlink,/s/AIfUZ0,302,True,1447,0,
shortlink,/s/AIfUZ0,302,True,1074,0,
shortlink,/s/AIfUZ0,302,True,1266,0,
shortlink,/s/AIfUZ0,302,True,1268,0,
result,/api/results/R20260614011017750473441,200,True,1078,1321,
result,/api/results/R20260614011017750473441,200,True,1083,1321,
result,/api/results/R20260614011017750473441,200,True,1077,1321,
result,/api/results/R20260614011017750473441,200,True,1083,1321,
admin,/api/admin/overview,200,True,1089,4324,
admin,/api/admin/overview,200,True,1093,4324,
health,/api/health,200,True,659,130,
health,/api/health,200,True,670,130,
shortlink,/s/AIfUZ0,302,True,1287,0,
shortlink,/s/AIfUZ0,302,True,1082,0,
shortlink,/s/AIfUZ0,302,True,1286,0,
shortlink,/s/AIfUZ0,302,True,1087,0,
shortlink,/s/AIfUZ0,302,True,1304,0,
shortlink,/s/AIfUZ0,302,True,1294,0,
shortlink,/s/AIfUZ0,302,True,1285,0,
shortlink,/s/AIfUZ0,302,True,1283,0,
shortlink,/s/AIfUZ0,302,True,1288,0,
shortlink,/s/AIfUZ0,302,True,1292,0,
shortlink,/s/AIfUZ0,302,True,1122,0,
shortlink,/s/AIfUZ0,302,True,1300,0,
result,/api/results/R20260614011017750473441,200,True,1105,1321,
result,/api/results/R20260614011017750473441,200,True,909,1321,
result,/api/results/R20260614011017750473441,200,True,1132,1321,
result,/api/results/R20260614011017750473441,200,True,1310,1321,
admin,/api/admin/overview,200,True,1123,4324,
admin,/api/admin/overview,200,True,1326,4324,
health,/api/health,200,True,740,130,
health,/api/health,200,True,740,130,
shortlink,/s/AIfUZ0,302,True,1125,0,
shortlink,/s/AIfUZ0,302,True,1133,0,
shortlink,/s/AIfUZ0,302,True,1319,0,
shortlink,/s/AIfUZ0,302,True,1139,0,
shortlink,/s/AIfUZ0,302,True,1136,0,
shortlink,/s/AIfUZ0,302,True,1525,0,
shortlink,/s/AIfUZ0,302,True,1322,0,
shortlink,/s/AIfUZ0,302,True,1151,0,
shortlink,/s/AIfUZ0,302,True,1378,0,
shortlink,/s/AIfUZ0,302,True,1170,0,
shortlink,/s/AIfUZ0,302,True,1360,0,
shortlink,/s/AIfUZ0,302,True,1573,0,
result,/api/results/R20260614011017750473441,200,True,1154,1321,
result,/api/results/R20260614011017750473441,200,True,1159,1321,
result,/api/results/R20260614011017750473441,200,True,1150,1321,
result,/api/results/R20260614011017750473441,200,True,1183,1321,
admin,/api/admin/overview,200,True,1189,4323,
admin,/api/admin/overview,200,True,1168,4324,
health,/api/health,200,True,809,130,
health,/api/health,200,True,811,130,
shortlink,/s/AIfUZ0,302,True,1183,0,
shortlink,/s/AIfUZ0,302,True,1377,0,
shortlink,/s/AIfUZ0,302,True,1585,0,
shortlink,/s/AIfUZ0,302,True,1386,0,
shortlink,/s/AIfUZ0,302,True,1381,0,
shortlink,/s/AIfUZ0,302,True,1387,0,
shortlink,/s/AIfUZ0,302,True,1203,0,
shortlink,/s/AIfUZ0,302,True,1399,0,
shortlink,/s/AIfUZ0,302,True,1594,0,
shortlink,/s/AIfUZ0,302,True,1392,0,
shortlink,/s/AIfUZ0,302,True,1399,0,
shortlink,/s/AIfUZ0,302,True,1212,0,
result,/api/results/R20260614011017750473441,200,True,1217,1321,
result,/api/results/R20260614011017750473441,200,True,1217,1321,
result,/api/results/R20260614011017750473441,200,True,1220,1321,
result,/api/results/R20260614011017750473441,200,True,1223,1321,
admin,/api/admin/overview,200,True,1420,4323,
admin,/api/admin/overview,200,True,1233,4324,
health,/api/health,200,True,848,130,
health,/api/health,200,True,847,130,
shortlink,/s/AIfUZ0,302,True,1421,0,
shortlink,/s/AIfUZ0,302,True,1427,0,
shortlink,/s/AIfUZ0,302,True,1418,0,
shortlink,/s/AIfUZ0,302,True,1424,0,
shortlink,/s/AIfUZ0,302,True,1419,0,
shortlink,/s/AIfUZ0,302,True,1414,0,
shortlink,/s/AIfUZ0,302,True,1234,0,
shortlink,/s/AIfUZ0,302,True,1439,0,
shortlink,/s/AIfUZ0,302,True,1424,0,
shortlink,/s/AIfUZ0,302,True,1441,0,
shortlink,/s/AIfUZ0,302,True,1244,0,
shortlink,/s/AIfUZ0,302,True,1243,0,
result,/api/results/R20260614011017750473441,200,True,1439,1321,
result,/api/results/R20260614011017750473441,200,True,1244,1321,
result,/api/results/R20260614011017750473441,200,True,1244,1321,
result,/api/results/R20260614011017750473441,200,True,1441,1321,
admin,/api/admin/overview,200,True,1251,4324,
admin,/api/admin/overview,200,True,1250,4324,
health,/api/health,200,True,869,130,
health,/api/health,200,True,868,130,
shortlink,/s/AIfUZ0,302,True,1441,0,
shortlink,/s/AIfUZ0,302,True,1443,0,
shortlink,/s/AIfUZ0,302,True,1254,0,
shortlink,/s/AIfUZ0,302,True,1451,0,
shortlink,/s/AIfUZ0,302,True,1648,0,
shortlink,/s/AIfUZ0,302,True,1453,0,
shortlink,/s/AIfUZ0,302,True,1454,0,
shortlink,/s/AIfUZ0,302,True,1454,0,
shortlink,/s/AIfUZ0,302,True,1453,0,
shortlink,/s/AIfUZ0,302,True,1457,0,
shortlink,/s/AIfUZ0,302,True,1268,0,
shortlink,/s/AIfUZ0,302,True,1661,0,
result,/api/results/R20260614011017750473441,200,True,1268,1321,
result,/api/results/R20260614011017750473441,200,True,1262,1321,
result,/api/results/R20260614011017750473441,200,True,1254,1321,
result,/api/results/R20260614011017750473441,200,True,1460,1321,
admin,/api/admin/overview,200,True,1278,4324,
admin,/api/admin/overview,200,True,1274,4324,
health,/api/health,200,True,889,130,
health,/api/health,200,True,888,130,
shortlink,/s/AIfUZ0,302,True,1276,0,
shortlink,/s/AIfUZ0,302,True,1266,0,
shortlink,/s/AIfUZ0,302,True,1476,0,
shortlink,/s/AIfUZ0,302,True,1277,0,
shortlink,/s/AIfUZ0,302,True,1477,0,
shortlink,/s/AIfUZ0,302,True,1473,0,
shortlink,/s/AIfUZ0,302,True,1283,0,
shortlink,/s/AIfUZ0,302,True,1286,0,
shortlink,/s/AIfUZ0,302,True,1484,0,
shortlink,/s/AIfUZ0,302,True,1478,0,
shortlink,/s/AIfUZ0,302,True,1482,0,
shortlink,/s/AIfUZ0,302,True,1479,0,
result,/api/results/R20260614011017750473441,200,True,1286,1321,
result,/api/results/R20260614011017750473441,200,True,1484,1321,
result,/api/results/R20260614011017750473441,200,True,1482,1321,
result,/api/results/R20260614011017750473441,200,True,1290,1321,
admin,/api/admin/overview,200,True,1297,4324,
admin,/api/admin/overview,200,True,1296,4324,
health,/api/health,200,True,909,130,
health,/api/health,200,True,914,130,
shortlink,/s/AIfUZ0,302,True,1493,0,
shortlink,/s/AIfUZ0,302,True,1482,0,
shortlink,/s/AIfUZ0,302,True,1485,0,
shortlink,/s/AIfUZ0,302,True,1293,0,
shortlink,/s/AIfUZ0,302,True,1287,0,
shortlink,/s/AIfUZ0,302,True,1291,0,
shortlink,/s/AIfUZ0,302,True,1298,0,
shortlink,/s/AIfUZ0,302,True,1499,0,
shortlink,/s/AIfUZ0,302,True,1503,0,
shortlink,/s/AIfUZ0,302,True,1505,0,
shortlink,/s/AIfUZ0,302,True,1509,0,
shortlink,/s/AIfUZ0,302,True,1302,0,
result,/api/results/R20260614011017750473441,200,True,1308,1321,
result,/api/results/R20260614011017750473441,200,True,1304,1321,
result,/api/results/R20260614011017750473441,200,True,1310,1321,
result,/api/results/R20260614011017750473441,200,True,1304,1321,
admin,/api/admin/overview,200,True,1518,4324,
admin,/api/admin/overview,200,True,1310,4324,
health,/api/health,200,True,934,130,
health,/api/health,200,True,934,130,
shortlink,/s/AIfUZ0,302,True,1311,0,
shortlink,/s/AIfUZ0,302,True,1518,0,
shortlink,/s/AIfUZ0,302,True,1703,0,
shortlink,/s/AIfUZ0,302,True,1519,0,
shortlink,/s/AIfUZ0,302,True,1518,0,
shortlink,/s/AIfUZ0,302,True,1516,0,
shortlink,/s/AIfUZ0,302,True,1523,0,
shortlink,/s/AIfUZ0,302,True,1513,0,
shortlink,/s/AIfUZ0,302,True,1311,0,
shortlink,/s/AIfUZ0,302,True,1520,0,
shortlink,/s/AIfUZ0,302,True,1309,0,
shortlink,/s/AIfUZ0,302,True,1316,0,
result,/api/results/R20260614011017750473441,200,True,1312,1321,
result,/api/results/R20260614011017750473441,200,True,1332,1321,
result,/api/results/R20260614011017750473441,200,True,1523,1321,
result,/api/results/R20260614011017750473441,200,True,1332,1321,
admin,/api/admin/overview,200,True,1325,4324,
admin,/api/admin/overview,200,True,1339,4324,
health,/api/health,200,True,950,130,
health,/api/health,200,True,950,130,
shortlink,/s/AIfUZ0,302,True,1528,0,
shortlink,/s/AIfUZ0,302,True,1332,0,
shortlink,/s/AIfUZ0,302,True,1723,0,
shortlink,/s/AIfUZ0,302,True,1536,0,
shortlink,/s/AIfUZ0,302,True,1532,0,
shortlink,/s/AIfUZ0,302,True,1537,0,
shortlink,/s/AIfUZ0,302,True,1536,0,
shortlink,/s/AIfUZ0,302,True,1346,0,
shortlink,/s/AIfUZ0,302,True,1735,0,
shortlink,/s/AIfUZ0,302,True,1543,0,
shortlink,/s/AIfUZ0,302,True,1543,0,
shortlink,/s/AIfUZ0,302,True,1354,0,
result,/api/results/R20260614011017750473441,200,True,1357,1321,
result,/api/results/R20260614011017750473441,200,True,1355,1321,
result,/api/results/R20260614011017750473441,200,True,1542,1321,
result,/api/results/R20260614011017750473441,200,True,1551,1321,
admin,/api/admin/overview,200,True,1382,4324,
admin,/api/admin/overview,200,True,1561,4323,
health,/api/health,200,True,991,130,
health,/api/health,200,True,991,130,
shortlink,/s/AIfUZ0,302,True,1569,0,
shortlink,/s/AIfUZ0,302,True,1566,0,
shortlink,/s/AIfUZ0,302,True,1579,0,
shortlink,/s/AIfUZ0,302,True,1386,0,
shortlink,/s/AIfUZ0,302,True,1760,0,
shortlink,/s/AIfUZ0,302,True,1586,0,
shortlink,/s/AIfUZ0,302,True,1585,0,
shortlink,/s/AIfUZ0,302,True,1582,0,
shortlink,/s/AIfUZ0,302,True,1599,0,
shortlink,/s/AIfUZ0,302,True,1584,0,
shortlink,/s/AIfUZ0,302,True,1388,0,
shortlink,/s/AIfUZ0,302,True,1591,0,
result,/api/results/R20260614011017750473441,200,True,1390,1321,
result,/api/results/R20260614011017750473441,200,True,1393,1321,
result,/api/results/R20260614011017750473441,200,True,1397,1321,
result,/api/results/R20260614011017750473441,200,True,1401,1321,
admin,/api/admin/overview,200,True,1405,4324,
admin,/api/admin/overview,200,True,1407,4324,
health,/api/health,200,True,1021,130,
health,/api/health,200,True,1027,130,
shortlink,/s/AIfUZ0,302,True,1407,0,
shortlink,/s/AIfUZ0,302,True,1785,0,
shortlink,/s/AIfUZ0,302,True,1603,0,
shortlink,/s/AIfUZ0,302,True,1603,0,
shortlink,/s/AIfUZ0,302,True,1414,0,
shortlink,/s/AIfUZ0,302,True,1608,0,
shortlink,/s/AIfUZ0,302,True,1613,0,
shortlink,/s/AIfUZ0,302,True,1603,0,
shortlink,/s/AIfUZ0,302,True,1442,0,
shortlink,/s/AIfUZ0,302,True,1811,0,
shortlink,/s/AIfUZ0,302,True,1626,0,
shortlink,/s/AIfUZ0,302,True,1626,0,
result,/api/results/R20260614011017750473441,200,True,1420,1321,
result,/api/results/R20260614011017750473441,200,True,1414,1321,
result,/api/results/R20260614011017750473441,200,True,1443,1321,
result,/api/results/R20260614011017750473441,200,True,1419,1321,
admin,/api/admin/overview,200,True,1633,4324,
admin,/api/admin/overview,200,True,1458,4324,
health,/api/health,200,True,1057,130,
health,/api/health,200,True,1056,130,
shortlink,/s/AIfUZ0,302,True,1814,0,
shortlink,/s/AIfUZ0,302,True,1632,0,
shortlink,/s/AIfUZ0,302,True,1651,0,
shortlink,/s/AIfUZ0,302,True,1471,0,
shortlink,/s/AIfUZ0,302,True,1650,0,
shortlink,/s/AIfUZ0,302,True,1664,0,
shortlink,/s/AIfUZ0,302,True,1657,0,
shortlink,/s/AIfUZ0,302,True,1667,0,
shortlink,/s/AIfUZ0,302,True,1661,0,
shortlink,/s/AIfUZ0,302,True,1664,0,
shortlink,/s/AIfUZ0,302,True,1665,0,
shortlink,/s/AIfUZ0,302,True,1822,0,
result,/api/results/R20260614011017750473441,200,True,1476,1321,
result,/api/results/R20260614011017750473441,200,True,1473,1321,
result,/api/results/R20260614011017750473441,200,True,1479,1321,
result,/api/results/R20260614011017750473441,200,True,1479,1321,
admin,/api/admin/overview,200,True,1479,4324,
admin,/api/admin/overview,200,True,1674,4324,
health,/api/health,200,True,1091,130,
health,/api/health,200,True,1091,130,
shortlink,/s/AIfUZ0,302,True,1692,0,
shortlink,/s/AIfUZ0,302,True,1494,0,
shortlink,/s/AIfUZ0,302,True,1680,0,
shortlink,/s/AIfUZ0,302,True,1691,0,
shortlink,/s/AIfUZ0,302,True,1691,0,
shortlink,/s/AIfUZ0,302,True,1690,0,
shortlink,/s/AIfUZ0,302,True,1898,0,
shortlink,/s/AIfUZ0,302,True,1504,0,
shortlink,/s/AIfUZ0,302,True,1836,0,
shortlink,/s/AIfUZ0,302,True,1503,0,
shortlink,/s/AIfUZ0,302,True,1837,0,
shortlink,/s/AIfUZ0,302,True,1506,0,
result,/api/results/R20260614011017750473441,200,True,1506,1321,
result,/api/results/R20260614011017750473441,200,True,1509,1321,
result,/api/results/R20260614011017750473441,200,True,1697,1321,
result,/api/results/R20260614011017750473441,200,True,1508,1321,
admin,/api/admin/overview,200,True,1513,4323,
admin,/api/admin/overview,200,True,1519,4323,
health,/api/health,200,True,1123,130,
health,/api/health,200,True,1131,130,
shortlink,/s/AIfUZ0,302,True,1705,0,
shortlink,/s/AIfUZ0,302,True,1707,0,
shortlink,/s/AIfUZ0,302,True,1710,0,
shortlink,/s/AIfUZ0,302,True,1849,0,
shortlink,/s/AIfUZ0,302,True,1717,0,
shortlink,/s/AIfUZ0,302,True,1536,0,
shortlink,/s/AIfUZ0,302,True,1722,0,
shortlink,/s/AIfUZ0,302,True,1724,0,
shortlink,/s/AIfUZ0,302,True,1724,0,
shortlink,/s/AIfUZ0,302,True,1725,0,
shortlink,/s/AIfUZ0,302,True,1726,0,
shortlink,/s/AIfUZ0,302,True,1543,0,
result,/api/results/R20260614011017750473441,200,True,1725,1321,
result,/api/results/R20260614011017750473441,200,True,1545,1321,
result,/api/results/R20260614011017750473441,200,True,1551,1321,
result,/api/results/R20260614011017750473441,200,True,1547,1321,
admin,/api/admin/overview,200,True,1557,4324,
admin,/api/admin/overview,200,True,1559,4324,
health,/api/health,200,True,1162,130,
health,/api/health,200,True,1166,130,
shortlink,/s/AIfUZ0,302,True,1736,0,
shortlink,/s/AIfUZ0,302,True,1560,0,
shortlink,/s/AIfUZ0,302,True,1742,0,
shortlink,/s/AIfUZ0,302,True,1744,0,
shortlink,/s/AIfUZ0,302,True,1744,0,
shortlink,/s/AIfUZ0,302,True,1745,0,
shortlink,/s/AIfUZ0,302,True,1567,0,
shortlink,/s/AIfUZ0,302,True,1852,0,
shortlink,/s/AIfUZ0,302,True,1746,0,
shortlink,/s/AIfUZ0,302,True,1756,0,
shortlink,/s/AIfUZ0,302,True,1743,0,
shortlink,/s/AIfUZ0,302,True,1568,0,
result,/api/results/R20260614011017750473441,200,True,1578,1321,
result,/api/results/R20260614011017750473441,200,True,1568,1321,
result,/api/results/R20260614011017750473441,200,True,1576,1321,
result,/api/results/R20260614011017750473441,200,True,1581,1321,
admin,/api/admin/overview,200,True,1584,4324,
admin,/api/admin/overview,200,True,1588,4324,
health,/api/health,200,True,1190,130,
health,/api/health,200,True,1201,130,
shortlink,/s/AIfUZ0,302,True,1847,0,
shortlink,/s/AIfUZ0,302,True,1752,0,
shortlink,/s/AIfUZ0,302,True,1753,0,
shortlink,/s/AIfUZ0,302,True,1749,0,
shortlink,/s/AIfUZ0,302,True,1759,0,
shortlink,/s/AIfUZ0,302,True,1591,0,
shortlink,/s/AIfUZ0,302,True,1756,0,
shortlink,/s/AIfUZ0,302,True,1756,0,
shortlink,/s/AIfUZ0,302,True,1761,0,
shortlink,/s/AIfUZ0,302,True,1761,0,
shortlink,/s/AIfUZ0,302,True,1755,0,
shortlink,/s/AIfUZ0,302,True,1844,0,
result,/api/results/R20260614011017750473441,200,True,1595,1321,
result,/api/results/R20260614011017750473441,200,True,1605,1321,
result,/api/results/R20260614011017750473441,200,True,1606,1321,
result,/api/results/R20260614011017750473441,200,True,1606,1321,
admin,/api/admin/overview,200,True,1614,4324,
admin,/api/admin/overview,200,True,1770,4324,
health,/api/health,200,True,1222,130,
health,/api/health,200,True,1221,130,
shortlink,/s/AIfUZ0,302,True,1607,0,
shortlink,/s/AIfUZ0,302,True,1613,0,
shortlink,/s/AIfUZ0,302,True,1769,0,
shortlink,/s/AIfUZ0,302,True,1769,0,
shortlink,/s/AIfUZ0,302,True,1616,0,
shortlink,/s/AIfUZ0,302,True,1769,0,
shortlink,/s/AIfUZ0,302,True,1620,0,
shortlink,/s/AIfUZ0,302,True,1769,0,
shortlink,/s/AIfUZ0,302,True,1621,0,
shortlink,/s/AIfUZ0,302,True,1840,0,
shortlink,/s/AIfUZ0,302,True,1769,0,
shortlink,/s/AIfUZ0,302,True,1770,0,
result,/api/results/R20260614011017750473441,200,True,1624,1321,
result,/api/results/R20260614011017750473441,200,True,1625,1321,
result,/api/results/R20260614011017750473441,200,True,1626,1321,
result,/api/results/R20260614011017750473441,200,True,1630,1321,
admin,/api/admin/overview,200,True,1637,4324,
admin,/api/admin/overview,200,True,1638,4324,
health,/api/health,200,True,1251,130,
health,/api/health,200,True,1251,130,
shortlink,/s/AIfUZ0,302,True,1774,0,
shortlink,/s/AIfUZ0,302,True,1784,0,
shortlink,/s/AIfUZ0,302,True,1773,0,
shortlink,/s/AIfUZ0,302,True,1785,0,
shortlink,/s/AIfUZ0,302,True,1780,0,
shortlink,/s/AIfUZ0,302,True,1649,0,
shortlink,/s/AIfUZ0,302,True,1774,0,
shortlink,/s/AIfUZ0,302,True,1636,0,
shortlink,/s/AIfUZ0,302,True,1833,0,
shortlink,/s/AIfUZ0,302,True,1784,0,
shortlink,/s/AIfUZ0,302,True,1793,0,
shortlink,/s/AIfUZ0,302,True,1784,0,
result,/api/results/R20260614011017750473441,200,True,1652,1321,
result,/api/results/R20260614011017750473441,200,True,1651,1321,
result,/api/results/R20260614011017750473441,200,True,1645,1321,
result,/api/results/R20260614011017750473441,200,True,1669,1321,
admin,/api/admin/overview,200,True,1664,4324,
admin,/api/admin/overview,200,True,1794,4324,
health,/api/health,200,True,1289,130,
health,/api/health,200,True,1288,130,
shortlink,/s/AIfUZ0,302,True,1667,0,
shortlink,/s/AIfUZ0,302,True,1790,0,
shortlink,/s/AIfUZ0,302,True,1832,0,
shortlink,/s/AIfUZ0,302,True,1791,0,
shortlink,/s/AIfUZ0,302,True,1671,0,
shortlink,/s/AIfUZ0,302,True,1791,0,
shortlink,/s/AIfUZ0,302,True,1790,0,
shortlink,/s/AIfUZ0,302,True,1790,0,
shortlink,/s/AIfUZ0,302,True,1793,0,
shortlink,/s/AIfUZ0,302,True,1790,0,
shortlink,/s/AIfUZ0,302,True,1791,0,
shortlink,/s/AIfUZ0,302,True,1792,0,
result,/api/results/R20260614011017750473441,200,True,1676,1321,
result,/api/results/R20260614011017750473441,200,True,1674,1321,
result,/api/results/R20260614011017750473441,200,True,1680,1321,
result,/api/results/R20260614011017750473441,200,True,1677,1321,
admin,/api/admin/overview,200,True,1684,4324,
admin,/api/admin/overview,200,True,1689,4324,
health,/api/health,200,True,1306,130,
health,/api/health,200,True,1308,130,
shortlink,/s/AIfUZ0,302,True,1681,0,
shortlink,/s/AIfUZ0,302,True,1820,0,
shortlink,/s/AIfUZ0,302,True,1788,0,
shortlink,/s/AIfUZ0,302,True,1787,0,
shortlink,/s/AIfUZ0,302,True,1819,0,
shortlink,/s/AIfUZ0,302,True,1688,0,
shortlink,/s/AIfUZ0,302,True,1787,0,
shortlink,/s/AIfUZ0,302,True,1689,0,
shortlink,/s/AIfUZ0,302,True,1815,0,
shortlink,/s/AIfUZ0,302,True,1786,0,
shortlink,/s/AIfUZ0,302,True,1690,0,
shortlink,/s/AIfUZ0,302,True,1787,0,
result,/api/results/R20260614011017750473441,200,True,1691,1321,
result,/api/results/R20260614011017750473441,200,True,1693,1321,
result,/api/results/R20260614011017750473441,200,True,1692,1321,
result,/api/results/R20260614011017750473441,200,True,1692,1321,
admin,/api/admin/overview,200,True,1700,4324,
admin,/api/admin/overview,200,True,1703,4324,
health,/api/health,200,True,1345,130,
health,/api/health,200,True,1347,130,
shortlink,/s/AIfUZ0,302,True,1784,0,
shortlink,/s/AIfUZ0,302,True,1695,0,
shortlink,/s/AIfUZ0,302,True,1694,0,
shortlink,/s/AIfUZ0,302,True,1776,0,
shortlink,/s/AIfUZ0,302,True,1776,0,
shortlink,/s/AIfUZ0,302,True,1696,0,
shortlink,/s/AIfUZ0,302,True,1797,0,
shortlink,/s/AIfUZ0,302,True,1697,0,
shortlink,/s/AIfUZ0,302,True,1774,0,
shortlink,/s/AIfUZ0,302,True,1792,0,
shortlink,/s/AIfUZ0,302,True,1768,0,
shortlink,/s/AIfUZ0,302,True,1694,0,
result,/api/results/R20260614011017750473441,200,True,1758,1321,
result,/api/results/R20260614011017750473441,200,True,1683,1321,
result,/api/results/R20260614011017750473441,200,True,1689,1321,
result,/api/results/R20260614011017750473441,200,True,1689,1321,
admin,/api/admin/overview,200,True,1689,4324,
admin,/api/admin/overview,200,True,1680,4324,
health,/api/health,200,True,1344,130,
health,/api/health,200,True,1335,130,
shortlink,/s/AIfUZ0,302,True,1668,0,
shortlink,/s/AIfUZ0,302,True,1733,0,
shortlink,/s/AIfUZ0,302,True,1672,0,
shortlink,/s/AIfUZ0,302,True,1728,0,
shortlink,/s/AIfUZ0,302,True,1742,0,
shortlink,/s/AIfUZ0,302,True,1667,0,
shortlink,/s/AIfUZ0,302,True,1724,0,
shortlink,/s/AIfUZ0,302,True,1720,0,
shortlink,/s/AIfUZ0,302,True,1667,0,
shortlink,/s/AIfUZ0,302,True,1730,0,
shortlink,/s/AIfUZ0,302,True,1660,0,
shortlink,/s/AIfUZ0,302,True,1715,0,
result,/api/results/R20260614011017750473441,200,True,1658,1321,
result,/api/results/R20260614011017750473441,200,True,1658,1321,
result,/api/results/R20260614011017750473441,200,True,1654,1321,
result,/api/results/R20260614011017750473441,200,True,1651,1321,
admin,/api/admin/overview,200,True,1651,4324,
admin,/api/admin/overview,200,True,1649,4324,
health,/api/health,200,True,1331,130,
health,/api/health,200,True,1331,130,
shortlink,/s/AIfUZ0,302,True,1690,0,
shortlink,/s/AIfUZ0,302,True,1645,0,
shortlink,/s/AIfUZ0,302,True,1689,0,
shortlink,/s/AIfUZ0,302,True,1685,0,
